{"cameraMode":{"drawMode":0,"name":"Shaded","section":"Shading Mode"},"sceneLighting":false,"audioPlay":false,"sceneViewState":{"showFog":true,"showMaterialUpdate":true,"showSkybox":false,"showFlares":true,"showImageEffects":true,"showParticleSystems":true},"in2DMode":false,"pivot":{"x":1.6512559652328492,"y":-0.030300147831439973,"z":1.2493984699249268},"rotation":{"x":0.01123717799782753,"y":-0.5235682129859924,"z":-0.006906440481543541,"w":-0.8518816828727722},"size":4.431258678436279,"orthographic":false}